<keymap version="1" name="macOS copy" parent="Mac OS X 10.5+">
  <action id="ActivateTerminalToolWindow">
    <keyboard-shortcut first-keystroke="alt f12" />
    <keyboard-shortcut first-keystroke="meta f12" />
  </action>
  <action id="Annotate">
    <keyboard-shortcut first-keystroke="shift ctrl meta a" />
    <keyboard-shortcut first-keystroke="meta alt g" second-keystroke="a" />
  </action>
  <action id="ChooseRunConfiguration">
    <keyboard-shortcut first-keystroke="ctrl alt r" />
    <keyboard-shortcut first-keystroke="ctrl meta r" />
  </action>
  <action id="CommentByLineComment">
    <keyboard-shortcut first-keystroke="meta slash" />
    <keyboard-shortcut first-keystroke="meta divide" />
    <keyboard-shortcut first-keystroke="ctrl slash" />
  </action>
  <action id="CopyContentRootPath">
    <keyboard-shortcut first-keystroke="ctrl meta alt c" />
  </action>
  <action id="FileStructurePopup">
    <keyboard-shortcut first-keystroke="meta m" />
  </action>
  <action id="Git.Branches">
    <keyboard-shortcut first-keystroke="ctrl meta b" />
  </action>
  <action id="Github.View.Pull.Request">
    <keyboard-shortcut first-keystroke="meta f9" />
  </action>
  <action id="Graph.ApplyCurrentLayout" />
  <action id="LocalHistory">
    <keyboard-shortcut first-keystroke="meta alt h" />
  </action>
  <action id="MinimizeCurrentWindow" />
  <action id="RecentChangedFiles">
    <keyboard-shortcut first-keystroke="ctrl meta e" />
  </action>
  <action id="ReformatCode">
    <keyboard-shortcut first-keystroke="meta alt l" />
    <keyboard-shortcut first-keystroke="ctrl meta l" />
  </action>
  <action id="Rerun">
    <keyboard-shortcut first-keystroke="meta r" />
    <keyboard-shortcut first-keystroke="ctrl f5" />
  </action>
  <action id="RerunTests">
    <keyboard-shortcut first-keystroke="shift alt r" />
  </action>
  <action id="SaveAll">
    <keyboard-shortcut first-keystroke="meta s" />
    <keyboard-shortcut first-keystroke="ctrl s" />
  </action>
  <action id="ShowPopupMenu">
    <keyboard-shortcut first-keystroke="meta back_slash" />
  </action>
  <action id="Stop">
    <keyboard-shortcut first-keystroke="meta f2" />
    <keyboard-shortcut first-keystroke="shift f5" />
  </action>
  <action id="UsageGrouping.FileStructure" />
  <action id="Vcs.ShowTabbedFileHistory">
    <keyboard-shortcut first-keystroke="ctrl meta h" />
  </action>
  <action id="osmedile.intellij.stringmanip.SwitchCasePopup">
    <keyboard-shortcut first-keystroke="ctrl meta m" />
  </action>
</keymap>